Site,Quadrat,Espece,Nom_vern,Famille,Strate,Type_biologique,N_ind,Abondance (Selhma),,,Abondance total 
DM,1,Vibornum tinus,Viorne tin,Caprifoliaceae,Arbuste,,3,12,,,
DM,1,Quercus faginea,Chêne faginé,Fagaceae,Arbre,,3,,,,
DM,1,Ruscus aculeatus,Fragon faux-houx,Liliaceae,Herbacée,,3,,,,
DM,1,Laurus nobilis,Laurier noble,Lauraceae,Arbuste,,10,4,,,
DM,1,Clematis vitalba,Clématite des haies,Ranunculaceae,Herbacée,,2,,,,
DM,1,Celtis occidentalis,Micocoulier occidental,Canabaceae ,Herbacée,,7,,,,
DM,1,Phytolacca americana,Raisin d'Amérique,Phytolaccaceae,Herbacée,,1,,,,
DM,1,Equisetum telmateia,Grande prêle,Equisetaceae,Herbacée,,3,,,,
DM,1,Rosa sempervirens,Eglantier sempervirent,Rosaceae,Arbuste,,2,,,,
DM,1,Prunus sp.,,Rosaceae,Arbuste,,1,,,,
DM,1,Hedera helix,Lierre grimpant ,Araceae,Herbacée,,6,,,,
DM,1,Geranium purpureum,Géranium pourpre,Geraniaceae,Herbacée,,1,,,,
DM,1,Fraxinus ornus ,Frêne à fleurs ,Oleaceae ,Arbre,,5,,,,
DM,1, Acer platanoides,Erable plane ,Sapindaceae,Arbre,,,,,,
DM,1,Vibornum tinus,Laurier tin,Viburnaceae,Arbuste,,3,,,,
DM,1,,,,,,,,,,
DM,1,,,,,,,,,,
DM,1,,,,,,,,,,
DM,1,,,,,,,,,,
DM,2,Laurus nobilis,Laurier noble,Lauraceae,Arbuste,,37,,,,
DM,2,Hedera helix,Lierre grimpant ,Araceae,Herbacée,,33,,,,
DM,2,Petasites pyrenaicus ,Pétasite des Pyrénées ,Asteraceae,Herbacée,,22,,,,
DM,2,Ruscus aculeatus,Fragon faux-houx,Liliaceae,Arbuste,,25,,,,
DM,2,Populus alba,Peuplier blanc,Salicaceae,Arbuste,,13,,,,
DM,2,Festuca altissima,Fétuque des bois,Poaceae,Herbacée,,4,,,,
DM,2,Fraxinus ornus ,Frêne à fleurs ,Oleaceae ,Arbre,,7,,,,
DM,2,Quercus ilex,Chêne vert,Fagaceae,Arbuste,,1,,,,
DM,2,Celtis occidentalis,Micocoulier occidental,Canabaceae ,Herbacée,,21,,,,
DM,2,Scrophularia auriculata,Scrofulaire aquatique,Scrophulariaceae,Herbacée,,1,,,,
DM,2,Quercus pubescens,Chêne pubescent,Fagaceae,Herbacée,,1,,,,
DM,2,Vibornum tinus,Viorne tin,Caprifoliaceae,Arbuste,,,,,,
DM,2,,,,,,,,,,
DM,2,,,,,,,,,,
DM,2,,,,,,,,,,
DM,2,,,,,,,,,,
DM,2,,,,,,,,,,
DM,2,,,,,,,,,,
DM,3,Smilax aspera,Salsepareille d'Europe, Smilacaceae,Herbacée,,9,,,,
DM,3,Hedera helix,Lierre grimpant ,Araceae,Herbacée,,17,,,,
DM,3,Quercus faginea,Chêne faginé,Fagaceae,Herbacée,,>100,,,,
DM,3,Viola odoarata,Violette odorante,Violaceae,Herbacée,,14,,,,
DM,3,Ulmus alata,Orme ailé,Ulmaceae ,Arbuste,,2,,,,
DM,3,Robinia pseudoacacia,Robinier faux-acacia,Fabacées,Arbre,,4,,,,
DM,3,Ligustrum japonicum,Troène du Japon,Oleaceae,Arbre,,3,,,,
DM,3,Catapodium rigidum,Catapode rigide,Poaceae,Herbacée,,5,,,,
DM,3,Vibornum tinus,Viorne tin,Caprifoliaceae,Arbuste,,5,,,,
DM,3,Rubus vestitus,Ronce vêtue ,Rosaceae,Arbuste,,3,,,,
DM,3,Populus alba,Peuplier blanc,Salicaceae,Arbuste,,11,,,,
DM,3,Ruscus aculeatus,Fragon faux-houx,Liliaceae,Arbuste,,2,,,,
DM,3,Celtis occidentalis,Micocoulier occidental,Canabaceae ,Herbacée,,12,,,,
DM,3,Petasites pyrenaicus ,Pétasite des Pyrénées ,Asteraceae,Herbacée,,14,,,,
DM,3,Brachypodium sylvaticum,Brachipode des bois,Poaceae,Herbacée,,23,,,,
DM,3,Rosa sp.,,Rosaceae,Arbuste,,1,,,,
DM,3,,,,,,,,,,
DM,3,,,,,,,,,,
DM,3,,,,,,,,,,
BL,1,Acer negundo,Erable negundo,Sapindaceae,Herbacée,,1,,,,
BL,1,Gallium album,Gaillet blanc,Rubiaceae,Herbacée,,>10% ,,,,
BL,1,Verbascum phlomoides,Molène faux-phlomis,Scrophulariaceae,Herbacée,,1,,,,
BL,1,Oxalis dillenii,Oxalis de Dilenius ,Oxalidaceae,Herbacée,,7,,,,
BL,1, Malva pusilla,Mauve à petites feuilles,Malvaceae,Herbacée,,1,,,,
BL,1,Sonchus oleraceus,Laîteron maraîcher,Asteraceae,Herbacée,,5,,,,
BL,1,Lamium sp.,,Lamiaceae,Herbacée,,1,,,,
BL,1,Bromus sterilis,Brome stérile,Poaceae,Herbacée,,>50%,,,,
BL,1,Setaria verticillata,Sétaire verticillée,Poaceae,Herbacée,,2,,,,
BL,1,Equisetum ramosissimum,Prêle rameuse,Equisetaceae,Herbacée,,>10%,,,,
BL,1,Rubus elegantispinosus,Ronce à épines élégantes,Rosaceae,Arbuste,,1,,,,
BL,1,Symphyotrichum subulatum,Symphyotriche subulé,Asteraceae,Arbuste,,1,,,,
BL,1,Trifolium sp.,,Fabaceae,Herbacée,,2%,,,,
BL,1, Picris hieracioides,Picride fausse-épervine,Asteraceae,Herbacée,,1,,,,
BL,1,Aethusa cynapium,Ciguë des jardins,Apiaceae,Herbacée,,1,,,,
BL,1,Galium rotundifolium,Gaillet à feuilles rondes,Rubiaceae,Herbacée,,1,,,,
BL,1,Mercurialis annua,Mercuriale annuelle,Euphorbiaceae,Herbacée,,1,,,,
BL,1,Corvuvalis arvonsis,Liseron des champs,Convolvulaceae,Herbacée,,1,,,,
BL,1,Artemisia verlotiorum,Armoise de chine,Asteraceae,Arbuste,,>10%,,,,
BL,1,Cynodon dactylon,Chien dent pied de poule,Poaceae,Herbacée,,>30%,,,,
BL,1,Cichorium intybus,Chicorée amère,Asteraceae,Arbuste,,6,,,,
BL,1,Leontodon hispidus,Liondent hispire,Asteraceae,Herbacée,,5,,,,
BL,1,Plantago argentea,Plantain argenté,Poaceae,Herbacée,,1,,,,
BL,1,Acer campestre,Erable champêtre,Sapindaceae,Arbre,,1 (planté par les Hommes),,,,
BL,1, Achillea nobilis,Achillée noble,Asteraceae,Herbacée,,5,,,,
BL,1,Sanguisorba minor,Petite primprenelle,Fabaceae,Herbacée,,5,,,,
BL,1,Cichorium endivia,Chicorée à rameau,Asteraceae,Arbuste,,25,,,,
BL,1,,,,,,,,,,
BL,1,,,,,,,,,,
BL,1,,,,,,,,,,
BL,1,,,,,,,,,,
BL,1,,,,,,,,,,
BL,1,,,,,,,,,,
BL,1,,,,,,,,,,
BL,,,,,,,,,,,
BL,,,,,,,,,,,
BL,,,,,,,,,,,
BL,,,,,,,,,,,
BL,,,,,,,,,,,
BL,,,,,,,,,,,
BL,,,,,,,,,,,
BL,,,,,,,,,,,
BL,,,,,,,,,,,
BL,,,,,,,,,,,
BL,,,,,,,,,,,
BL,,,,,,,,,,,
BL,,,,,,,,,,,
BL,,,,,,,,,,,
BL,,,,,,,,,,,
BL,,,,,,,,,,,
BL,,,,,,,,,,,
BL,,,,,,,,,,,
BL,,,,,,,,,,,
